date,commits,tests,go_code
2026-05-16,4,0,0
2026-05-17,23,37,1570
2026-05-18,29,37,1687
2026-05-19,62,127,6944
2026-05-20,69,166,10152
2026-05-21,107,232,12680
2026-05-22,135,232,13985
2026-05-23,192,261,15258
2026-05-24,224,269,15507
2026-05-25,261,290,16289
2026-05-26,328,290,16500
2026-05-27,333,299,16746
2026-05-28,353,300,16976
2026-05-29,367,307,17207
2026-05-30,408,316,17524
2026-05-31,435,323,17848
2026-06-01,455,322,17832
2026-06-02,472,332,18353
2026-06-03,507,353,19215
2026-06-04,525,356,19388
2026-06-05,535,356,19389
2026-06-06,578,385,20531
2026-06-07,617,393,20937
