date,commits,tests,go_code,go_test,md,yaml,scripts
2026-05-16,4,0,0,0,1019,0,0
2026-05-17,23,37,1570,721,1411,12,315
2026-05-18,29,37,1687,731,1501,12,337
2026-05-19,62,127,6944,3684,3125,83,809
2026-05-20,69,166,10152,5308,4229,1115,1009
2026-05-21,107,232,12680,7591,4642,1143,1014
2026-05-22,135,232,13985,8443,7416,1318,1112
2026-05-23,192,261,15258,9290,10191,1442,1330
2026-05-24,224,269,15507,9496,10395,1426,1307
2026-05-25,261,290,16289,10091,11063,1427,1414
2026-05-26,328,290,16500,10230,11297,1532,1543
2026-05-27,333,299,16746,10373,11338,1536,1543
2026-05-28,353,300,16976,10600,11571,1536,1543
2026-05-29,367,307,17207,10816,11680,1542,1543
2026-05-30,408,316,17524,11026,11394,1638,1650
2026-05-31,435,323,17848,11268,11566,1662,1753
2026-06-01,455,322,17832,11262,11789,1731,1770
2026-06-02,472,332,18353,11627,12058,1913,1812
2026-06-03,507,353,19215,12228,12188,1996,1812
2026-06-04,525,356,19388,12353,12320,2051,1812
2026-06-05,535,356,19389,12353,12343,2221,1849
2026-06-06,578,385,20531,13140,13539,2291,1877
2026-06-07,623,394,21015,13432,13888,2322,2775
2026-06-08,662,406,21326,13527,15129,3898,3546
2026-06-09,669,407,21362,13563,15123,3924,3617
2026-06-11,673,415,21995,14001,15710,3999,3688
2026-06-12,678,418,22191,14165,16185,3995,4001
2026-06-13,684,436,23816,15112,16708,4001,4001
2026-06-14,706,463,24618,15765,18279,4436,4758
2026-06-15,716,479,25361,16306,18509,4437,4898
2026-06-16,745,505,26576,17304,18677,3479,5459
2026-06-17,748,512,26979,17549,18894,3506,5459
2026-06-18,763,544,27909,18269,19715,3530,5669
2026-06-19,783,546,28092,18400,19987,4094,6337
2026-06-20,792,547,28962,18480,20194,4243,6444
